{"train_loss": [0.5621094865494433, 0.4088123920429994, 0.34543887170406, 0.32892215765615784, 0.3113570202854586, 0.30982390741116345, 0.28438116347566067, 0.2748817982598598, 0.2773394156664556, 0.2759433166252463, 0.26747177374384595, 0.2578498904004729, 0.24917279869164669, 0.24660993926678096, 0.22283103604537163, 0.21617249345754164, 0.21343989137979563, 0.21440855177349386, 0.21198154702223387, 0.20358702392919445, 0.20520423906325355, 0.19921532492142072, 0.1935179713249802, 0.19699521605985254, 0.19231362763530693, 0.20031901106315037, 0.18995276273828063, 0.17762792536697958, 0.1769903512439323, 0.17139270694894812], "val_loss": [0.3835091402005648, 0.34687542208365957, 0.28619668615337845, 0.3402769072351229, 0.26006751501863107, 0.2717569864150485, 0.2773473060945001, 0.2395580484842986, 0.2769275157555729, 0.2983786891275477, 0.24266242028908178, 0.24476664519415098, 0.2405788887925359, 0.2442118962878518, 0.24983231045189314, 0.24873786436765952, 0.23990154375455985, 0.23346146715031915, 0.239758735147814, 0.23200866215300386, 0.21798284252383093, 0.25651922612437417, 0.23552518069883374, 0.22808066491694756, 0.2498602191115883, 0.23861870002442162, 0.23277498167835037, 0.22668325792748925, 0.25346611923794915, 0.25427153181607254], "train_miou": [0.26847786560225734, 0.3016060269417689, 0.3136027850184359, 0.3189026813194455, 0.33047266124082797, 0.32872853995186935, 0.3332356983590564, 0.3433485757555307, 0.34201645510548556, 0.3366578698260679, 0.34687786721421937, 0.3496587362775221, 0.35088975784779064, 0.3547187735195593, 0.36441305210160807, 0.3665988648739301, 0.3719417352605389, 0.3717174274381907, 0.3714025824537452, 0.3743505802930815, 0.37887426610996283, 0.37679986874307947, 0.3861943988162676, 0.3801370396141604, 0.38274723870082844, 0.38033055823327383, 0.38403532180163286, 0.3890447819382871, 0.39402401524063235, 0.3976121837655743], "val_miou": [0.2609378702774091, 0.2913338729385507, 0.27572702062902477, 0.2968796681031551, 0.3026280401761471, 0.3008779400417134, 0.3023445196848708, 0.2946096125597967, 0.2735177818448473, 0.3045187195673998, 0.30805670618359826, 0.3000524905903601, 0.30263894132006525, 0.3044931561187048, 0.31314267416299185, 0.3033720430575304, 0.30472852297194686, 0.31074541964224905, 0.3142023244772027, 0.3152131964338495, 0.299448759254044, 0.31415567166280167, 0.31670724096072017, 0.3090136575065684, 0.31198324648561304, 0.31265595952706876, 0.3115079807614921, 0.31472170681234, 0.31850019210937774, 0.3213295154428639], "train_f1": [0.30325470172450364, 0.3515638525462669, 0.3680684255229778, 0.37556767928012824, 0.3918159341150849, 0.38980719422537247, 0.3955018043575692, 0.4104458209464584, 0.40845696587019975, 0.4002088093773084, 0.4157754355362262, 0.41859343136291804, 0.420525807866199, 0.4259710844886584, 0.4389892111249605, 0.44247775779875625, 0.4498167977477748, 0.4498628430483031, 0.44905453355753316, 0.4519966741470213, 0.45909595400541225, 0.45576120365556744, 0.46863906546397627, 0.4608321184010854, 0.46513320939819025, 0.46106632734784875, 0.4657434500497945, 0.4723856298141338, 0.47826374551517065, 0.4833183257658419], "val_f1": [0.29409591214911934, 0.3214262800029887, 0.31171175757487657, 0.3320235032159998, 0.34204810137015573, 0.33882264946011553, 0.33737557602057644, 0.3353858185783303, 0.31147568057272196, 0.3416752131110875, 0.3501277079619375, 0.3418089236184229, 0.3440233686780668, 0.34574346264186745, 0.3568368350478896, 0.3459906930606862, 0.3489320473809262, 0.3537148619534075, 0.3577173890577743, 0.3598473165444745, 0.34255765653263254, 0.35930646075207384, 0.3631098992051365, 0.35565388212217763, 0.3563452895635416, 0.35831739021710524, 0.35732785558043034, 0.3609829601821222, 0.3656254420927604, 0.36835758855003986]}