{"train_loss": [1.1406427984087577, 1.0194125367423235, 0.991137313785045, 0.9531401709696282, 0.9395943428355903, 0.9133678903446937, 0.8891107494836858, 0.8789421643962583, 0.8537333372430131, 0.8636300530618386, 0.8350963716645506, 0.8196449872945181, 0.8143952818673114, 0.8109963054951398, 0.8254915928292217, 0.7890145901329003, 0.7795012930259289, 0.776173220852674, 0.7563443425636892, 0.7574121038503855, 0.7558729083933495, 0.749335027130695, 0.7304713990873055, 0.7178017346968663, 0.7308641037121235, 0.7284986676950431, 0.7105110469511, 0.7029837557175547, 0.7171154957778806, 0.7097503788967687], "val_loss": [0.9152398280729758, 0.8347329309332037, 0.7947721381053746, 0.8166791358005221, 0.7729272467789249, 0.7502389474310608, 0.913406702263333, 0.7294403315983086, 0.7018249334993764, 0.6925849527399116, 0.6660796633669149, 0.6796324109641191, 0.6645296463551366, 0.6529915830660089, 0.6330351486941365, 0.631104925455891, 0.6470372498592484, 0.6518275526778721, 0.5928645171225071, 0.6870173100277642, 0.5905296060596114, 0.6130253061234394, 0.5910174531218048, 0.6450961272745768, 0.6882271190461154, 0.6267612403798326, 0.5899277390894767, 0.619266853276118, 0.559889324775366, 0.625513562671492], "train_miou": [0.18868876048755873, 0.21203796435884603, 0.21452314700193825, 0.22219861121848444, 0.21934756272980313, 0.22591329372789834, 0.22846406810684225, 0.23132103252061786, 0.23230349400284903, 0.23143056307618626, 0.23413997532959163, 0.2370027866546596, 0.24009553980385082, 0.24140050918312775, 0.23955132818566555, 0.24440292992414164, 0.24372370143087202, 0.24574505520486428, 0.24941610272313702, 0.24985502793831968, 0.24904828503286036, 0.24973804738086033, 0.2511242457428042, 0.25382663710109854, 0.25427469327443397, 0.25478588018023335, 0.25798983866942793, 0.2554757048331329, 0.2573935408769661, 0.2580652496728846], "val_miou": [0.19328116136394, 0.21618603259681207, 0.2125939817997115, 0.2302475903449652, 0.20953052149877144, 0.22500456872211314, 0.17764368107125625, 0.21554539855939356, 0.2458922806900453, 0.2322359597522928, 0.22442648851838393, 0.22534688408694978, 0.24966621538145342, 0.23698323979377492, 0.23480226813380708, 0.24809890631434892, 0.22651874676075015, 0.22993768810396362, 0.24478073535244757, 0.25709949826348927, 0.25652814309646915, 0.2473161015972162, 0.24521518273207107, 0.26673312385603654, 0.26884667957586694, 0.23407692131685148, 0.26382195540426, 0.25816025851957763, 0.25546481647164493, 0.23919305533241916], "train_f1": [0.22773838736341678, 0.24986709012257272, 0.2537880416641731, 0.2617191572358952, 0.2599533778444438, 0.26815718374348074, 0.27004970643912607, 0.2727165357248956, 0.2750681521083319, 0.2730291388415322, 0.2753611740345223, 0.27978390599096686, 0.2836879130798588, 0.28450802873553954, 0.28303175185274076, 0.2881383106865041, 0.2873800242141531, 0.28909671725572417, 0.2947649873133502, 0.2942119885717268, 0.293700926460205, 0.2958579567183054, 0.29692037510766256, 0.2997035776951748, 0.30023682647645583, 0.30115107425695126, 0.30546640384404933, 0.3018859885910044, 0.3033830484645697, 0.3050949546970558], "val_f1": [0.23331889072013193, 0.24828404588120734, 0.24648631211816785, 0.26047603131895236, 0.24583231692883345, 0.256179918158412, 0.21600936593434084, 0.2495973235905862, 0.2780323254611563, 0.2635122349966854, 0.2615167622756489, 0.2582276750579562, 0.2816360121237947, 0.2732587003083946, 0.26916530459176036, 0.27906631268741267, 0.26180072562241385, 0.2690504361408265, 0.2780213476909453, 0.29358959900811327, 0.2943605538271799, 0.28646378316507315, 0.28331920103153707, 0.3006813951314339, 0.3027798854428489, 0.2721231383887857, 0.2997085975668075, 0.29093565850548286, 0.29275489864018317, 0.27539329083630193]}